rater,edu_group,bootstrap_id,pc1_var_explained,effective_dependence,n_vars
gss,overall,1,0.170476361433038,0.326880352913716,55
gss,overall,2,0.168172047365521,0.325283485514268,55
gss,overall,3,0.16910552257624,0.327302803443557,55
gss,overall,4,0.171138328324616,0.325212247199759,55
gss,overall,5,0.168516307342669,0.323538442610544,55
gss,overall,6,0.166155661819774,0.324495308260823,55
gss,overall,7,0.170181473112788,0.326137766579173,55
gss,overall,8,0.167549565998951,0.323454099616716,55
gss,overall,9,0.168958756562622,0.324614830917842,55
gss,overall,10,0.169108941299965,0.323416331929885,55
gss,overall,11,0.17656397581415,0.327111484733621,55
gss,overall,12,0.168778474840868,0.32503743524858,55
gss,overall,13,0.173455501894786,0.334777591420707,55
gss,overall,14,0.166137105126823,0.329836647399796,55
gss,overall,15,0.169504508200878,0.319973638980285,55
gss,overall,16,0.170371201479616,0.323240934334744,55
gss,overall,17,0.172259506386126,0.327590519410374,55
gss,overall,18,0.173491293323557,0.328140392787362,55
gss,overall,19,0.16870978045396,0.325084790391619,55
gss,overall,20,0.168712634161634,0.331915607091717,55
gss,overall,21,0.171841662938767,0.329973144682853,55
gss,overall,22,0.166366889939054,0.313845258295431,55
gss,overall,23,0.171972845908021,0.326794235296959,55
gss,overall,24,0.165709667881349,0.324713910052336,55
gss,overall,25,0.166144297650768,0.323969821612963,55
gss,overall,26,0.171896229583857,0.335478791656255,55
gss,overall,27,0.164823405709354,0.314600592287949,55
gss,overall,28,0.165605439719117,0.318303315324653,55
gss,overall,29,0.171736735500686,0.334181278331156,55
gss,overall,30,0.16618486194466,0.318682352862303,55
gss,overall,31,0.170170024032511,0.333006263154017,55
gss,overall,32,0.172196563760368,0.324214918748237,55
gss,overall,33,0.172840531887248,0.33237055183441,55
gss,overall,34,0.16387744502065,0.318252996314805,55
gss,overall,35,0.176429240108809,0.331981479223783,55
gss,overall,36,0.170083832882126,0.32375417228201,55
gss,overall,37,0.172504313603067,0.327015854342342,55
gss,overall,38,0.169075698891983,0.319549358363678,55
gss,overall,39,0.172922000762367,0.327096077190115,55
gss,overall,40,0.172725362379006,0.331892142273947,55
gss,overall,41,0.169782925528884,0.322217045228379,55
gss,overall,42,0.170252558706898,0.327381293037247,55
gss,overall,43,0.168791601029726,0.325434783545951,55
gss,overall,44,0.165910962404869,0.32236663974415,55
gss,overall,45,0.177185230858398,0.330239305964842,55
gss,overall,46,0.16678994618939,0.323969310564444,55
gss,overall,47,0.170665051646582,0.325096602357811,55
gss,overall,48,0.173591822490292,0.322915877602006,55
gss,overall,49,0.171859570886314,0.326502651981305,55
gss,overall,50,0.171500011867234,0.32970102927217,55
gss,loedu,1,0.125923242852436,0.338708039263701,54
gss,loedu,2,0.126789274779298,0.336256455179664,54
gss,loedu,3,0.131516599086756,0.337997702682464,54
gss,loedu,4,0.125977622137451,0.342996085924276,54
gss,loedu,5,0.127069804952517,0.325404213166678,54
gss,loedu,6,0.121918698694617,0.327097055039515,54
gss,loedu,7,0.123868973797793,0.339080577677435,54
gss,loedu,8,0.125443932548243,0.327981312565111,54
gss,loedu,9,0.115981826102959,0.333985946416647,54
gss,loedu,10,0.125453229406107,0.322187566789402,54
gss,loedu,11,0.133934671992349,0.338541407936614,54
gss,loedu,12,0.125791267124545,0.324856091466109,54
gss,loedu,13,0.127050653749091,0.351441894710564,54
gss,loedu,14,0.125045216907641,0.337497772915424,54
gss,loedu,15,0.126131308794849,0.331717632745517,54
gss,loedu,16,0.126766327252332,0.337701114888971,54
gss,loedu,17,0.125161591552579,0.332493328324669,54
gss,loedu,18,0.132250323380577,0.347828388194509,54
gss,loedu,19,0.122167974857546,0.333703002413498,54
gss,loedu,20,0.126366118233876,0.335142801655326,54
gss,loedu,21,0.130589921876139,0.342728464159891,54
gss,loedu,22,0.119582088621776,0.319706185922627,54
gss,loedu,23,0.130814952005948,0.338764210128145,54
gss,loedu,24,0.129901656732072,0.340716383196065,54
gss,loedu,25,0.126272716834939,0.340362639480668,54
gss,loedu,26,0.121906372289883,0.335897324039901,54
gss,loedu,27,0.114780018370283,0.316562858529239,54
gss,loedu,28,0.122562542114454,0.322031873937757,54
gss,loedu,29,0.124768948611286,0.353051853474093,54
gss,loedu,30,0.123079247496267,0.332069370426396,54
gss,loedu,31,0.125577374035491,0.335489170251279,54
gss,loedu,32,0.121930548222299,0.322626760704582,54
gss,loedu,33,0.123708747900072,0.340671811892342,54
gss,loedu,34,0.120637834988294,0.324833301527554,54
gss,loedu,35,0.128914588635903,0.344697877435341,54
gss,loedu,36,0.124502600738892,0.337704319541803,54
gss,loedu,37,0.134527648604548,0.336639380021069,54
gss,loedu,38,0.130176894026403,0.330475201320921,54
gss,loedu,39,0.128849912479133,0.332617023497464,54
gss,loedu,40,0.129557264938977,0.336586887477544,54
gss,loedu,41,0.130204436015235,0.337210070720666,54
gss,loedu,42,0.127928843666637,0.336817733995397,54
gss,loedu,43,0.1254805040264,0.336418562912351,54
gss,loedu,44,0.129018628230362,0.338253613172246,54
gss,loedu,45,0.135632611457378,0.336195148242895,54
gss,loedu,46,0.129331185638472,0.345331517275147,54
gss,loedu,47,0.125799400552099,0.338539285473845,54
gss,loedu,48,0.129060655665722,0.332283269320706,54
gss,loedu,49,0.128920031087766,0.33980070879116,54
gss,loedu,50,0.134439167112494,0.347520146653873,54
gss,hiedu,1,0.1987029526432,0.376574813555283,54
gss,hiedu,2,0.196579209713917,0.377879750291399,54
gss,hiedu,3,0.194323666318459,0.382425967794885,54
gss,hiedu,4,0.199555326402372,0.371874152605473,54
gss,hiedu,5,0.192426861263329,0.377138024088361,54
gss,hiedu,6,0.194073152024004,0.375723547961824,54
gss,hiedu,7,0.200130556862642,0.378906879170328,54
gss,hiedu,8,0.193794432912063,0.379595877495621,54
gss,hiedu,9,0.199871953449271,0.380876422100487,54
gss,hiedu,10,0.202002201828576,0.381671191156383,54
gss,hiedu,11,0.203049184532629,0.380154642922486,54
gss,hiedu,12,0.197356626226641,0.379338044934313,54
gss,hiedu,13,0.199750271495249,0.391586064501836,54
gss,hiedu,14,0.195154410354561,0.379363324969541,54
gss,hiedu,15,0.198059325915679,0.368880528116357,54
gss,hiedu,16,0.198651275367763,0.375254965689984,54
gss,hiedu,17,0.198450069770123,0.381089834107203,54
gss,hiedu,18,0.204298060783049,0.389468862979032,54
gss,hiedu,19,0.200416666867044,0.380946390769291,54
gss,hiedu,20,0.197114023429731,0.387148470993121,54
gss,hiedu,21,0.201792555039673,0.384465302505369,54
gss,hiedu,22,0.19605965949047,0.368821258591295,54
gss,hiedu,23,0.199318360018022,0.379244515624813,54
gss,hiedu,24,0.18847416154973,0.372235457065799,54
gss,hiedu,25,0.192426741063542,0.37205844157012,54
gss,hiedu,26,0.203011722950202,0.39552361051295,54
gss,hiedu,27,0.196365677208196,0.371361267572059,54
gss,hiedu,28,0.192107841208779,0.369972820971051,54
gss,hiedu,29,0.200047174189809,0.38368361032399,54
gss,hiedu,30,0.194543706289815,0.368331791210371,54
gss,hiedu,31,0.199090816352558,0.385270827486999,54
gss,hiedu,32,0.202101389956833,0.385601332089648,54
gss,hiedu,33,0.209504686424809,0.391201061531973,54
gss,hiedu,34,0.190420883469779,0.371678386773167,54
gss,hiedu,35,0.206475152750118,0.389351586270992,54
gss,hiedu,36,0.200663538801806,0.380039920936662,54
gss,hiedu,37,0.195608665603453,0.379786437481998,54
gss,hiedu,38,0.196646988231264,0.373981695970459,54
gss,hiedu,39,0.199775951195221,0.379391818294231,54
gss,hiedu,40,0.197654182729001,0.388976479796347,54
gss,hiedu,41,0.195707254166988,0.374374462719175,54
gss,hiedu,42,0.195659884829458,0.378564813765463,54
gss,hiedu,43,0.197194293325371,0.376557199613648,54
gss,hiedu,44,0.19151521870793,0.369037726633774,54
gss,hiedu,45,0.203278527762542,0.376829529034734,54
gss,hiedu,46,0.191618529408864,0.375694297955722,54
gss,hiedu,47,0.197330140591863,0.373011448300943,54
gss,hiedu,48,0.199951644484262,0.376021518822236,54
gss,hiedu,49,0.198540672697159,0.375556054604704,54
gss,hiedu,50,0.197371827832113,0.381772676007909,54
mistralai_mistral-nemo_OLD,overall,1,0.288146462792154,0.728797895568461,61
mistralai_mistral-nemo_OLD,overall,2,0.309307121632591,0.741057245421473,61
mistralai_mistral-nemo_OLD,overall,3,0.305392201036102,0.746454646467006,61
mistralai_mistral-nemo_OLD,overall,4,0.297089422051276,0.726094244010438,61
mistralai_mistral-nemo_OLD,overall,5,0.289915343195878,0.737056660990407,61
mistralai_mistral-nemo_OLD,overall,6,0.298138208229304,0.720686223015341,61
mistralai_mistral-nemo_OLD,overall,7,0.294208374021962,0.738316336176836,61
mistralai_mistral-nemo_OLD,overall,8,0.297272384237283,0.732185167636248,61
mistralai_mistral-nemo_OLD,overall,9,0.300830385161118,0.725716973035923,61
mistralai_mistral-nemo_OLD,overall,10,0.301318459670443,0.73128920801474,61
mistralai_mistral-nemo_OLD,overall,11,0.287455096113863,0.726113912869094,61
mistralai_mistral-nemo_OLD,overall,12,0.292484632845229,0.730682740242775,61
mistralai_mistral-nemo_OLD,overall,13,0.304287446324301,0.725960134758242,61
mistralai_mistral-nemo_OLD,overall,14,0.309845069150968,0.729833797097482,61
mistralai_mistral-nemo_OLD,overall,15,0.294024930044246,0.733741392357925,61
mistralai_mistral-nemo_OLD,overall,16,0.300005645734599,0.734047405579837,61
mistralai_mistral-nemo_OLD,overall,17,0.306463811627288,0.744443703169629,61
mistralai_mistral-nemo_OLD,overall,18,0.295482606227316,0.730002608579465,61
mistralai_mistral-nemo_OLD,overall,19,0.292709081104553,0.735792784335443,61
mistralai_mistral-nemo_OLD,overall,20,0.295481900394109,0.730235380742069,61
mistralai_mistral-nemo_OLD,overall,21,0.305132460967748,0.725051064894338,61
mistralai_mistral-nemo_OLD,overall,22,0.289429440577558,0.723444610445038,61
mistralai_mistral-nemo_OLD,overall,23,0.302036058551374,0.724306098909743,61
mistralai_mistral-nemo_OLD,overall,24,0.295525819620399,0.703036153036163,61
mistralai_mistral-nemo_OLD,overall,25,0.30493910330034,0.735766614504866,61
mistralai_mistral-nemo_OLD,overall,26,0.305656355410564,0.738105856918728,61
mistralai_mistral-nemo_OLD,overall,27,0.304375472419775,0.734034646001611,61
mistralai_mistral-nemo_OLD,overall,28,0.285857065082144,0.724098221256607,61
mistralai_mistral-nemo_OLD,overall,29,0.303489399894616,0.717532007284885,61
mistralai_mistral-nemo_OLD,overall,30,0.310644695982828,0.741769243486544,61
mistralai_mistral-nemo_OLD,overall,31,0.303422706878145,0.727067955801077,61
mistralai_mistral-nemo_OLD,overall,32,0.293251509102632,0.725774210254015,61
mistralai_mistral-nemo_OLD,overall,33,0.303518168567383,0.710670517096028,61
mistralai_mistral-nemo_OLD,overall,34,0.30707351251236,0.739873651288169,61
mistralai_mistral-nemo_OLD,overall,35,0.291955504448721,0.723362340262432,61
mistralai_mistral-nemo_OLD,overall,36,0.29555175545648,0.733638089177448,61
mistralai_mistral-nemo_OLD,overall,37,0.299512784983967,0.722229918823288,61
mistralai_mistral-nemo_OLD,overall,38,0.309181975994345,0.734546669437565,61
mistralai_mistral-nemo_OLD,overall,39,0.302282865263675,0.724191703258795,61
mistralai_mistral-nemo_OLD,overall,40,0.299408698282161,0.75480331460245,61
mistralai_mistral-nemo_OLD,overall,41,0.306020880248922,0.73151042228272,61
mistralai_mistral-nemo_OLD,overall,42,0.298107633691724,0.748149661190162,61
mistralai_mistral-nemo_OLD,overall,43,0.298058605003371,0.734894446505896,61
mistralai_mistral-nemo_OLD,overall,44,0.296103654792351,0.736284347185607,61
mistralai_mistral-nemo_OLD,overall,45,0.300217810138145,0.747661224377194,61
mistralai_mistral-nemo_OLD,overall,46,0.290786039288265,0.716469516449656,61
mistralai_mistral-nemo_OLD,overall,47,0.29828975040083,0.735512648101569,61
mistralai_mistral-nemo_OLD,overall,48,0.299093081950649,0.7460173043507,61
mistralai_mistral-nemo_OLD,overall,49,0.295756053229954,0.722085609123176,61
mistralai_mistral-nemo_OLD,overall,50,0.296435137522336,0.722376826007429,61
mistralai_mistral-nemo_OLD,loedu,1,0.265368338704849,0.851067851978796,60
mistralai_mistral-nemo_OLD,loedu,2,0.296900646711695,0.862073284174967,60
mistralai_mistral-nemo_OLD,loedu,3,0.292022014926412,0.843442997543905,60
mistralai_mistral-nemo_OLD,loedu,4,0.27786390390938,0.859891187279111,60
mistralai_mistral-nemo_OLD,loedu,5,0.272406768045223,0.846688423277578,60
mistralai_mistral-nemo_OLD,loedu,6,0.276110416716634,0.851360204840013,60
mistralai_mistral-nemo_OLD,loedu,7,0.271341998540847,0.845337283775849,60
mistralai_mistral-nemo_OLD,loedu,8,0.259172095081653,0.843649578017162,60
mistralai_mistral-nemo_OLD,loedu,9,0.284766926832883,0.855815511974146,60
mistralai_mistral-nemo_OLD,loedu,10,0.283734203926863,0.855858020481634,60
mistralai_mistral-nemo_OLD,loedu,11,0.26856850460415,0.84526603521286,59
mistralai_mistral-nemo_OLD,loedu,12,0.266730342234542,0.85698004865307,60
mistralai_mistral-nemo_OLD,loedu,13,0.285405009570571,0.856431472396159,60
mistralai_mistral-nemo_OLD,loedu,14,0.285534205671773,0.85081923900106,60
mistralai_mistral-nemo_OLD,loedu,15,0.293587104011772,0.844798729854057,60
mistralai_mistral-nemo_OLD,loedu,16,0.266252362358084,0.853674130913925,60
mistralai_mistral-nemo_OLD,loedu,17,0.278144933331675,0.879541735808176,60
mistralai_mistral-nemo_OLD,loedu,18,0.275520805802746,0.845700544133421,60
mistralai_mistral-nemo_OLD,loedu,19,0.27002861403248,0.852487190899466,60
mistralai_mistral-nemo_OLD,loedu,20,0.283280405509131,0.853128295163079,60
mistralai_mistral-nemo_OLD,loedu,21,0.271689227906981,0.853885405824386,60
mistralai_mistral-nemo_OLD,loedu,22,0.267502550285793,0.859854931680473,60
mistralai_mistral-nemo_OLD,loedu,23,0.28813933426139,0.851376840474553,60
mistralai_mistral-nemo_OLD,loedu,24,0.27346374366599,0.842827337099153,60
mistralai_mistral-nemo_OLD,loedu,25,0.28747684635467,0.837529247489064,60
mistralai_mistral-nemo_OLD,loedu,26,0.301488499728269,0.849042569989668,60
mistralai_mistral-nemo_OLD,loedu,27,0.290263274722003,0.856026907255366,60
mistralai_mistral-nemo_OLD,loedu,28,0.269031335197582,0.862892712126988,60
mistralai_mistral-nemo_OLD,loedu,29,0.282625824088902,0.837201019664988,60
mistralai_mistral-nemo_OLD,loedu,30,0.281365783411298,0.857921197088448,60
mistralai_mistral-nemo_OLD,loedu,31,0.286860195427023,0.843176012399108,60
mistralai_mistral-nemo_OLD,loedu,32,0.256867769796134,0.834753630750304,60
mistralai_mistral-nemo_OLD,loedu,33,0.283700093328261,0.850470239191007,60
mistralai_mistral-nemo_OLD,loedu,34,0.298642133869361,0.851125505886108,60
mistralai_mistral-nemo_OLD,loedu,35,0.266433110868765,0.860646617257577,60
mistralai_mistral-nemo_OLD,loedu,36,0.282479662493179,0.84471279934835,60
mistralai_mistral-nemo_OLD,loedu,37,0.281622325675428,0.851632179678193,60
mistralai_mistral-nemo_OLD,loedu,38,0.285989322848315,0.842238698770378,60
mistralai_mistral-nemo_OLD,loedu,39,0.276023789030893,0.852837972193715,60
mistralai_mistral-nemo_OLD,loedu,40,0.279279454812105,0.866059005004932,60
mistralai_mistral-nemo_OLD,loedu,41,0.273842790572834,0.853460071408256,60
mistralai_mistral-nemo_OLD,loedu,42,0.271546876489342,0.854678965756155,60
mistralai_mistral-nemo_OLD,loedu,43,0.278328646850584,0.853675911462141,60
mistralai_mistral-nemo_OLD,loedu,44,0.271314720039474,0.84959019496991,60
mistralai_mistral-nemo_OLD,loedu,45,0.280297140170767,0.858229412532777,60
mistralai_mistral-nemo_OLD,loedu,46,0.264330952592768,0.852687041434126,60
mistralai_mistral-nemo_OLD,loedu,47,0.275064267024111,0.848900730595661,60
mistralai_mistral-nemo_OLD,loedu,48,0.276096645480177,0.865596211097584,60
mistralai_mistral-nemo_OLD,loedu,49,0.27145684785932,0.847038420836449,60
mistralai_mistral-nemo_OLD,loedu,50,0.276779399079642,0.852616436294049,60
mistralai_mistral-nemo_OLD,hiedu,1,0.295100211554218,0.789682883196136,60
mistralai_mistral-nemo_OLD,hiedu,2,0.308427384826631,0.821493165820195,60
mistralai_mistral-nemo_OLD,hiedu,3,0.310626527772413,0.805855502298732,60
mistralai_mistral-nemo_OLD,hiedu,4,0.301418641889058,0.806387956165081,60
mistralai_mistral-nemo_OLD,hiedu,5,0.293092695363912,0.800798469600067,60
mistralai_mistral-nemo_OLD,hiedu,6,0.306107871204217,0.816578080921392,60
mistralai_mistral-nemo_OLD,hiedu,7,0.299166678698551,0.806095489018421,60
mistralai_mistral-nemo_OLD,hiedu,8,0.308419044150507,0.811539912936146,60
mistralai_mistral-nemo_OLD,hiedu,9,0.305246692568372,0.80056151098088,60
mistralai_mistral-nemo_OLD,hiedu,10,0.306542830601428,0.790899916883174,60
mistralai_mistral-nemo_OLD,hiedu,11,0.297417040983742,0.79879143269592,60
mistralai_mistral-nemo_OLD,hiedu,12,0.302362623145571,0.79476544915759,60
mistralai_mistral-nemo_OLD,hiedu,13,0.310669470301397,0.800484148095067,60
mistralai_mistral-nemo_OLD,hiedu,14,0.318781409919253,0.807751962528372,60
mistralai_mistral-nemo_OLD,hiedu,15,0.288633876489535,0.789893802805431,60
mistralai_mistral-nemo_OLD,hiedu,16,0.307905473611198,0.80119407918479,60
mistralai_mistral-nemo_OLD,hiedu,17,0.31381372439082,0.803337292930486,60
mistralai_mistral-nemo_OLD,hiedu,18,0.303518157720709,0.808038894055347,60
mistralai_mistral-nemo_OLD,hiedu,19,0.299476212388693,0.807447369380179,60
mistralai_mistral-nemo_OLD,hiedu,20,0.29618888974866,0.79886400333017,60
mistralai_mistral-nemo_OLD,hiedu,21,0.317187958319283,0.811824285482889,60
mistralai_mistral-nemo_OLD,hiedu,22,0.296118902507429,0.791214372895405,60
mistralai_mistral-nemo_OLD,hiedu,23,0.304891634965269,0.796367543594294,60
mistralai_mistral-nemo_OLD,hiedu,24,0.30468878947599,0.809398342331045,60
mistralai_mistral-nemo_OLD,hiedu,25,0.306888214551001,0.805503424358217,60
mistralai_mistral-nemo_OLD,hiedu,26,0.304641256077598,0.804480840312015,60
mistralai_mistral-nemo_OLD,hiedu,27,0.309318942195953,0.808952710348269,60
mistralai_mistral-nemo_OLD,hiedu,28,0.287476263733685,0.789900109836261,60
mistralai_mistral-nemo_OLD,hiedu,29,0.307788537437425,0.804139252594516,60
mistralai_mistral-nemo_OLD,hiedu,30,0.321603114028261,0.818267840901787,60
mistralai_mistral-nemo_OLD,hiedu,31,0.309738877281283,0.786388391643119,60
mistralai_mistral-nemo_OLD,hiedu,32,0.307958517482855,0.81770867651629,60
mistralai_mistral-nemo_OLD,hiedu,33,0.308104676567507,0.796379805767227,60
mistralai_mistral-nemo_OLD,hiedu,34,0.307698367577678,0.789223531450551,60
mistralai_mistral-nemo_OLD,hiedu,35,0.301700623780541,0.810009943799809,60
mistralai_mistral-nemo_OLD,hiedu,36,0.29549839250615,0.811677890743134,60
mistralai_mistral-nemo_OLD,hiedu,37,0.308263436998428,0.803844677998445,60
mistralai_mistral-nemo_OLD,hiedu,38,0.319669048530248,0.805634842460924,60
mistralai_mistral-nemo_OLD,hiedu,39,0.311692474142457,0.805677711748233,60
mistralai_mistral-nemo_OLD,hiedu,40,0.304381373467142,0.808126310540547,60
mistralai_mistral-nemo_OLD,hiedu,41,0.317358187900337,0.808326932993257,60
mistralai_mistral-nemo_OLD,hiedu,42,0.309860963922194,0.805753609697415,60
mistralai_mistral-nemo_OLD,hiedu,43,0.304505035214699,0.80520625376465,60
mistralai_mistral-nemo_OLD,hiedu,44,0.307395930161116,0.803189337922187,60
mistralai_mistral-nemo_OLD,hiedu,45,0.302898280697613,0.815433964955301,60
mistralai_mistral-nemo_OLD,hiedu,46,0.294377595722078,0.811293655934454,60
mistralai_mistral-nemo_OLD,hiedu,47,0.305893676420938,0.808878380654342,60
mistralai_mistral-nemo_OLD,hiedu,48,0.305597764287847,0.813514864053315,60
mistralai_mistral-nemo_OLD,hiedu,49,0.304597911231521,0.795916014908559,60
mistralai_mistral-nemo_OLD,hiedu,50,0.305748790521432,0.799231996755412,60
Nemo_2,overall,1,0.294065792803416,0.873495384025801,61
Nemo_2,overall,2,0.288716696773597,0.87310932692306,61
Nemo_2,overall,3,0.282355196172341,0.874692014139285,61
Nemo_2,overall,4,0.273488491551612,0.875708888017944,61
Nemo_2,overall,5,0.264877551335128,0.875989329329992,61
Nemo_2,overall,6,0.285455550680783,0.879629540667239,61
Nemo_2,overall,7,0.260118825138986,0.871071075457603,61
Nemo_2,overall,8,0.263410939279091,0.862662708010873,61
Nemo_2,overall,9,0.27200535845483,0.869480531836556,61
Nemo_2,overall,10,0.254415615980109,0.880735510604576,61
Nemo_2,overall,11,0.281143676297046,0.880148592371375,61
Nemo_2,overall,12,0.263876243819396,0.870159342545852,61
Nemo_2,overall,13,0.264942939253379,0.856400495494674,61
Nemo_2,overall,14,0.278340852802711,0.857644228814641,61
Nemo_2,overall,15,0.274076267609411,0.87383092759278,61
Nemo_2,overall,16,0.270917353834221,0.868352212717636,61
Nemo_2,overall,17,0.271572383799921,0.874011224832851,61
Nemo_2,overall,18,0.273627325161081,0.857263976010199,61
Nemo_2,overall,19,0.288335015401712,0.876218611265913,61
Nemo_2,overall,20,0.289855894934343,0.874297429768149,61
Nemo_2,overall,21,0.24185922757521,0.862846516628339,61
Nemo_2,overall,22,0.28084250248077,0.865567276444845,60
Nemo_2,overall,23,0.281115745257659,0.878210546858398,61
Nemo_2,overall,24,0.281612415383726,0.864488991877174,61
Nemo_2,overall,25,0.270119405743005,0.849963375859058,61
Nemo_2,overall,26,0.272661816821315,0.875321283534719,61
Nemo_2,overall,27,0.289849020904012,0.873570366966326,61
Nemo_2,overall,28,0.274621335098001,0.853618462488978,61
Nemo_2,overall,29,0.293441179124018,0.872212898572142,61
Nemo_2,overall,30,0.281816350912846,0.876755363426718,61
Nemo_2,overall,31,0.248469805519881,0.867476455907777,61
Nemo_2,overall,32,0.292071488344647,0.87484305047947,61
Nemo_2,overall,33,0.263739384004356,0.881183288442972,61
Nemo_2,overall,34,0.276693571859724,0.858501948057335,61
Nemo_2,overall,35,0.275777833841601,0.859541116473146,61
Nemo_2,overall,36,0.280367741706756,0.86554634410516,61
Nemo_2,overall,37,0.293763545117851,0.869948076358367,61
Nemo_2,overall,38,0.288883109523956,0.887405639627408,61
Nemo_2,overall,39,0.269967311246804,0.85828242931385,61
Nemo_2,overall,40,0.2726997963983,0.870614933236877,61
Nemo_2,overall,41,0.265568854328693,0.862895702739924,61
Nemo_2,overall,42,0.265336177037612,0.857596829480649,61
Nemo_2,overall,43,0.271282236222855,0.868632446138021,61
Nemo_2,overall,44,0.269956949732966,0.860663859075356,61
Nemo_2,overall,45,0.272886048989302,0.875897064590911,61
Nemo_2,overall,46,0.263733508293479,0.877377224490056,61
Nemo_2,overall,47,0.257057550195333,0.874823777183197,61
Nemo_2,overall,48,0.277780884783162,0.867851378719762,61
Nemo_2,overall,49,0.278560641633342,0.858677785985895,61
Nemo_2,overall,50,0.28456896100011,0.874534353600794,61
Nemo_2,loedu,1,0.226649002831638,0.955058684888249,60
Nemo_2,loedu,2,0.263675785556742,0.950025249148423,60
Nemo_2,loedu,3,0.23235444051831,0.947839333663163,59
Nemo_2,loedu,4,0.23613704888642,0.955092673515681,60
Nemo_2,loedu,5,0.246829908257492,0.956455624535323,59
Nemo_2,loedu,6,0.260065662682256,0.952421844986466,59
Nemo_2,loedu,7,0.218078687563694,0.955283916841255,59
Nemo_2,loedu,8,0.222377438740605,0.945211367835421,60
Nemo_2,loedu,9,0.229171937443219,0.949095874624874,60
Nemo_2,loedu,10,0.246241094032707,0.944403107896513,60
Nemo_2,loedu,11,0.251669965823478,0.956347559130177,59
Nemo_2,loedu,12,0.229632794278901,0.949505819838647,59
Nemo_2,loedu,13,0.246565023626888,0.951922881960142,59
Nemo_2,loedu,14,0.252767908606529,0.94787423710567,60
Nemo_2,loedu,15,0.234057495172212,0.951052545631771,60
Nemo_2,loedu,16,0.256551563515861,0.951780981573979,59
Nemo_2,loedu,17,0.243009896544265,0.948278211864791,59
Nemo_2,loedu,18,0.23883807098994,0.956034365612388,60
Nemo_2,loedu,19,0.230194053748853,0.956597657828286,60
Nemo_2,loedu,20,0.254732905561901,0.948003996098825,59
Nemo_2,loedu,21,0.218174019370729,0.954540077587365,59
Nemo_2,loedu,22,0.25785384698615,0.955559774530746,59
Nemo_2,loedu,23,0.239957743709179,0.952013769302362,59
Nemo_2,loedu,24,0.251619431145184,0.946968162219768,60
Nemo_2,loedu,25,0.241580255654881,0.947085873848377,59
Nemo_2,loedu,26,0.249558033463872,0.955959399831505,59
Nemo_2,loedu,27,0.278779096012306,0.941775744337366,59
Nemo_2,loedu,28,0.246687141097563,0.950732775437299,59
Nemo_2,loedu,29,0.27450857641697,0.940209668856829,60
Nemo_2,loedu,30,0.270407561808617,0.951488923553109,60
Nemo_2,loedu,31,0.211834873262848,0.946767213497806,59
Nemo_2,loedu,32,0.264905771218034,0.947677307781666,59
Nemo_2,loedu,33,0.249962676606861,0.955127402513736,59
Nemo_2,loedu,34,0.25364188984108,0.943063356000906,59
Nemo_2,loedu,35,0.244047793666748,0.944527650427018,59
Nemo_2,loedu,36,0.230274388249873,0.938772072422805,60
Nemo_2,loedu,37,0.250277879718554,0.953602201968179,59
Nemo_2,loedu,38,0.279443673506081,0.959096239628541,59
Nemo_2,loedu,39,0.248248100116097,0.945327917714174,59
Nemo_2,loedu,40,0.248242463181042,0.949587250545829,60
Nemo_2,loedu,41,0.250052954634797,0.949891816119191,59
Nemo_2,loedu,42,0.271260743115882,0.94600833507341,59
Nemo_2,loedu,43,0.248171584758058,0.943892392388652,60
Nemo_2,loedu,44,0.255383901891782,0.946071840717075,59
Nemo_2,loedu,45,0.246480593446386,0.95539273746026,59
Nemo_2,loedu,46,0.244047005536161,0.950637897280409,59
Nemo_2,loedu,47,0.224930677519369,0.96340586448067,60
Nemo_2,loedu,48,0.253220316960168,0.956059887547653,59
Nemo_2,loedu,49,0.24189575220928,0.945761603729556,59
Nemo_2,loedu,50,0.23790759007347,0.952138299134656,59
Nemo_2,hiedu,1,0.32372678592541,0.906892765835063,60
Nemo_2,hiedu,2,0.291121077934471,0.908472146038603,60
Nemo_2,hiedu,3,0.305260955904604,0.914290195666529,60
Nemo_2,hiedu,4,0.29294886006593,0.910573074709578,60
Nemo_2,hiedu,5,0.267379583044468,0.902151218938809,60
Nemo_2,hiedu,6,0.300661558858337,0.91182722445416,60
Nemo_2,hiedu,7,0.277392387469269,0.911559777701213,60
Nemo_2,hiedu,8,0.281595320842528,0.899814938169659,60
Nemo_2,hiedu,9,0.293267037701178,0.916274324590751,60
Nemo_2,hiedu,10,0.263794059753096,0.921513894597672,59
Nemo_2,hiedu,11,0.296755906242564,0.907221933491075,60
Nemo_2,hiedu,12,0.275086381126542,0.911619350500006,60
Nemo_2,hiedu,13,0.278649923403419,0.898322108596936,60
Nemo_2,hiedu,14,0.288298532986398,0.901768813394533,60
Nemo_2,hiedu,15,0.285498939456789,0.916691921311325,60
Nemo_2,hiedu,16,0.280006116338214,0.903690046634644,60
Nemo_2,hiedu,17,0.283931474016085,0.911213501941691,60
Nemo_2,hiedu,18,0.285137861869036,0.897391665600591,60
Nemo_2,hiedu,19,0.301653455524207,0.910095293315487,60
Nemo_2,hiedu,20,0.305837748401657,0.907718520212938,60
Nemo_2,hiedu,21,0.250700445600564,0.902978476824998,60
Nemo_2,hiedu,22,0.292025752921823,0.897272433721919,59
Nemo_2,hiedu,23,0.303644769601783,0.911540019921163,60
Nemo_2,hiedu,24,0.29563630892892,0.910325971166515,60
Nemo_2,hiedu,25,0.281019476301818,0.888377260062746,60
Nemo_2,hiedu,26,0.285743870540169,0.907657610088748,60
Nemo_2,hiedu,27,0.29810066948612,0.911278809823718,60
Nemo_2,hiedu,28,0.288148767453421,0.889884608798566,60
Nemo_2,hiedu,29,0.297237434296312,0.914819314522686,60
Nemo_2,hiedu,30,0.283350453543649,0.909141118559734,60
Nemo_2,hiedu,31,0.264992922144649,0.900300202737706,60
Nemo_2,hiedu,32,0.306377975026368,0.910601508129877,60
Nemo_2,hiedu,33,0.27681368991559,0.914882614647837,60
Nemo_2,hiedu,34,0.280204417815226,0.907617389425387,60
Nemo_2,hiedu,35,0.290012226262243,0.901580869797924,60
Nemo_2,hiedu,36,0.295937136616722,0.913490161514897,60
Nemo_2,hiedu,37,0.307157312596807,0.907161950236271,60
Nemo_2,hiedu,38,0.296982805258478,0.912634761040994,60
Nemo_2,hiedu,39,0.282810847641757,0.906006960675964,60
Nemo_2,hiedu,40,0.281366062934293,0.901943065801655,60
Nemo_2,hiedu,41,0.271569708757258,0.901388623398482,60
Nemo_2,hiedu,42,0.26648182051484,0.896018243186367,60
Nemo_2,hiedu,43,0.275038974393452,0.91400258453895,60
Nemo_2,hiedu,44,0.276151556031062,0.910759270926697,60
Nemo_2,hiedu,45,0.28640442615502,0.910197145582219,60
Nemo_2,hiedu,46,0.275231548039942,0.91415201889245,60
Nemo_2,hiedu,47,0.271620234843281,0.899489197574919,60
Nemo_2,hiedu,48,0.288962672985759,0.899973801195367,60
Nemo_2,hiedu,49,0.290619468284937,0.904229438660703,60
Nemo_2,hiedu,50,0.307312411442384,0.91840044522533,60
nemo_4,overall,1,0.356412208470806,0.87570065032615,61
nemo_4,overall,2,0.353267401037963,0.879690815412379,61
nemo_4,overall,3,0.356764524734873,0.852796201680885,59
nemo_4,overall,4,0.357578909984009,0.866248229377042,60
nemo_4,overall,5,0.354421850850978,0.87776090817112,61
nemo_4,overall,6,0.353395184127554,0.878574895322566,60
nemo_4,overall,7,0.352573095711308,0.866190904094528,60
nemo_4,overall,8,0.376933498410479,0.866324941746122,60
nemo_4,overall,9,0.350334762707308,0.86933226129783,61
nemo_4,overall,10,0.350829318605868,0.860035760795066,60
nemo_4,overall,11,0.33569222061597,0.857805267621341,60
nemo_4,overall,12,0.337354062859313,0.880740800796671,61
nemo_4,overall,13,0.355498190562393,0.858114962918678,60
nemo_4,overall,14,0.358009736421878,0.873686201678272,60
nemo_4,overall,15,0.36066764469617,0.868070317706671,60
nemo_4,overall,16,0.360272254127972,0.854939120162194,60
nemo_4,overall,17,0.370851603911503,0.866013825665306,60
nemo_4,overall,18,0.355688456232478,0.858983036621435,60
nemo_4,overall,19,0.361994574562825,0.86131381754619,60
nemo_4,overall,20,0.369707426817825,0.860413142183787,60
nemo_4,overall,21,0.375788822055237,0.867791508240507,60
nemo_4,overall,22,0.336860668983094,0.868723173743914,61
nemo_4,overall,23,0.361302162255254,0.867252036651706,60
nemo_4,overall,24,0.348612854606869,0.861224201159555,61
nemo_4,overall,25,0.360315202242508,0.870974249613361,60
nemo_4,overall,26,0.344873874717573,0.868346368933525,60
nemo_4,overall,27,0.359451920612978,0.863340108044303,60
nemo_4,overall,28,0.341438066625035,0.877160874835271,61
nemo_4,overall,29,0.348905708421131,0.874040047715973,61
nemo_4,overall,30,0.356227312779855,0.869170303170165,60
nemo_4,overall,31,0.353929362896377,0.863702037788337,60
nemo_4,overall,32,0.364598102492442,0.864731371839653,60
nemo_4,overall,33,0.356736867918432,0.873252512422661,60
nemo_4,overall,34,0.355265348576231,0.863141141071525,60
nemo_4,overall,35,0.362576196333186,0.875595304887833,61
nemo_4,overall,36,0.351514641293458,0.867883357407163,60
nemo_4,overall,37,0.355939201394277,0.871134622708025,60
nemo_4,overall,38,0.348353375513809,0.866736639987131,61
nemo_4,overall,39,0.353820837386749,0.857780778910002,60
nemo_4,overall,40,0.351611088219713,0.877868392229468,61
nemo_4,overall,41,0.35706786441236,0.866353591782873,60
nemo_4,overall,42,0.342031418803163,0.870070853778536,61
nemo_4,overall,43,0.343746010580834,0.871011497296962,61
nemo_4,overall,44,0.354608610291556,0.872377804671748,61
nemo_4,overall,45,0.345016558019235,0.864852886035396,61
nemo_4,overall,46,0.36220663833808,0.866477568161022,60
nemo_4,overall,47,0.352880912786104,0.867074377447428,60
nemo_4,overall,48,0.354374393530476,0.869759579386937,60
nemo_4,overall,49,0.356123165030149,0.862852062468053,60
nemo_4,overall,50,0.345467102924593,0.864090560460569,60
nemo_4,loedu,1,0.31717139878052,0.915587013326624,59
nemo_4,loedu,2,0.311993061305535,0.917422538738936,59
nemo_4,loedu,3,0.284481267627889,0.910094986156931,58
nemo_4,loedu,4,0.309595846250635,0.912655963982773,59
nemo_4,loedu,5,0.303003644973478,0.919186731682649,59
nemo_4,loedu,6,0.305381121805918,0.911718522538677,59
nemo_4,loedu,7,0.291303738078313,0.916040578475781,59
nemo_4,loedu,8,0.339940702569001,0.914639426073052,59
nemo_4,loedu,9,0.31607998143088,0.913745450581514,59
nemo_4,loedu,10,0.302793237325243,0.902838174603162,59
nemo_4,loedu,11,0.285931461974865,0.913983788196363,59
nemo_4,loedu,12,0.310977652401161,0.909428302037467,58
nemo_4,loedu,13,0.305227886147903,0.908269147580456,59
nemo_4,loedu,14,0.319137919240052,0.91456802079939,59
nemo_4,loedu,15,0.300656383659291,0.913814005097169,59
nemo_4,loedu,16,0.289422685145336,0.900401076106198,59
nemo_4,loedu,17,0.326221987173097,0.909728421036798,59
nemo_4,loedu,18,0.304879101515694,0.907259203053614,59
nemo_4,loedu,19,0.305681642554529,0.898229822993871,59
nemo_4,loedu,20,0.313121662376246,0.911934317609336,59
nemo_4,loedu,21,0.297729952628331,0.911584738282042,59
nemo_4,loedu,22,0.293567262307324,0.901994745989506,59
nemo_4,loedu,23,0.314737205444772,0.912431108942812,59
nemo_4,loedu,24,0.300735629874464,0.909334305454576,59
nemo_4,loedu,25,0.299240347916392,0.913106596915252,59
nemo_4,loedu,26,0.312591568320069,0.912215620499603,58
nemo_4,loedu,27,0.303177714455724,0.913875247961426,59
nemo_4,loedu,28,0.306769473571865,0.917742201503847,59
nemo_4,loedu,29,0.288757590777402,0.908389422813554,59
nemo_4,loedu,30,0.290609049493559,0.905666811760187,59
nemo_4,loedu,31,0.314416703381017,0.915233895678751,59
nemo_4,loedu,32,0.327515657999242,0.911193690767671,59
nemo_4,loedu,33,0.321438698324957,0.916483048649667,59
nemo_4,loedu,34,0.300036223040803,0.916738568146848,59
nemo_4,loedu,35,0.326900991075701,0.910459511296662,59
nemo_4,loedu,36,0.30252340888047,0.908995287348737,59
nemo_4,loedu,37,0.306803573384732,0.917282692045101,59
nemo_4,loedu,38,0.304886694875163,0.904161129212074,59
nemo_4,loedu,39,0.315559753066403,0.904547954204855,58
nemo_4,loedu,40,0.314421504871362,0.918429459943811,59
nemo_4,loedu,41,0.292459710705097,0.915975252835678,59
nemo_4,loedu,42,0.28064033304979,0.914987856783956,59
nemo_4,loedu,43,0.30289704601581,0.910578902640449,58
nemo_4,loedu,44,0.309912057597767,0.912639026931013,59
nemo_4,loedu,45,0.310759812428577,0.906614202210258,59
nemo_4,loedu,46,0.302591297341046,0.911774536617828,59
nemo_4,loedu,47,0.306354214171393,0.914339369620324,59
nemo_4,loedu,48,0.291977233013016,0.916316036113083,59
nemo_4,loedu,49,0.307859087414143,0.913839653281049,59
nemo_4,loedu,50,0.279956866240325,0.914649381733207,59
nemo_4,hiedu,1,0.382446292075999,0.902975916320509,60
nemo_4,hiedu,2,0.379115226161757,0.896689718635861,59
nemo_4,hiedu,3,0.389563528289152,0.895120800536352,58
nemo_4,hiedu,4,0.389378887456022,0.890572207717111,58
nemo_4,hiedu,5,0.374629545029887,0.893165532368244,60
nemo_4,hiedu,6,0.372218476027736,0.904092196449299,59
nemo_4,hiedu,7,0.371548927048241,0.8944973292878,59
nemo_4,hiedu,8,0.407306423629647,0.894778100053845,58
nemo_4,hiedu,9,0.375774119026939,0.895464926719025,59
nemo_4,hiedu,10,0.371794050785109,0.893641702632815,59
nemo_4,hiedu,11,0.348605251792666,0.891099246401821,59
nemo_4,hiedu,12,0.361992985562754,0.900666345178082,60
nemo_4,hiedu,13,0.389676550845501,0.89035371671704,58
nemo_4,hiedu,14,0.391245703643508,0.89310558271326,58
nemo_4,hiedu,15,0.374532367484479,0.897925867092512,59
nemo_4,hiedu,16,0.378032916185707,0.894586815947984,59
nemo_4,hiedu,17,0.378359097449876,0.892720707202618,59
nemo_4,hiedu,18,0.391559085022338,0.886787661667098,58
nemo_4,hiedu,19,0.40206967087587,0.896113468162572,58
nemo_4,hiedu,20,0.4058634151392,0.895202034776811,58
nemo_4,hiedu,21,0.423166686156651,0.892015682317685,58
nemo_4,hiedu,22,0.371820424678384,0.899227063762293,59
nemo_4,hiedu,23,0.381103176605451,0.896115116147047,59
nemo_4,hiedu,24,0.368406367896029,0.8983641989856,60
nemo_4,hiedu,25,0.386507638040024,0.894811207239242,59
nemo_4,hiedu,26,0.364847650009811,0.896119429096331,59
nemo_4,hiedu,27,0.37831278290941,0.895344614436458,59
nemo_4,hiedu,28,0.374724031378891,0.908886985071067,59
nemo_4,hiedu,29,0.395050101442409,0.905434489831539,59
nemo_4,hiedu,30,0.372542090718585,0.897999310447728,59
nemo_4,hiedu,31,0.373950582352289,0.891160219656261,59
nemo_4,hiedu,32,0.393089131276993,0.886821431964053,58
nemo_4,hiedu,33,0.386166279474855,0.89662172541101,58
nemo_4,hiedu,34,0.379745566274632,0.893273778472195,59
nemo_4,hiedu,35,0.37369927259074,0.904347090593596,60
nemo_4,hiedu,36,0.378274365826377,0.897011382446817,58
nemo_4,hiedu,37,0.391502257627008,0.891127802079276,58
nemo_4,hiedu,38,0.367006340880685,0.901538233747461,60
nemo_4,hiedu,39,0.376584118748191,0.896516564247724,59
nemo_4,hiedu,40,0.386506810582062,0.897087744641036,59
nemo_4,hiedu,41,0.382236626312059,0.903273036251523,59
nemo_4,hiedu,42,0.367233958896592,0.901830188681913,60
nemo_4,hiedu,43,0.367206759908431,0.899276035827682,60
nemo_4,hiedu,44,0.370946674383474,0.901583515238719,60
nemo_4,hiedu,45,0.357183512376835,0.897208181183922,60
nemo_4,hiedu,46,0.406341294849199,0.885335308289604,58
nemo_4,hiedu,47,0.369135160166941,0.894922783315591,59
nemo_4,hiedu,48,0.39297639916285,0.893934299157148,58
nemo_4,hiedu,49,0.400462905733059,0.896232562840842,58
nemo_4,hiedu,50,0.384902888158943,0.886059905662906,58
nemo_5,overall,1,0.233535443277191,0.558584105425314,61
nemo_5,overall,2,0.240666213112569,0.566742174772388,61
nemo_5,overall,3,0.240332767488081,0.570584243781909,61
nemo_5,overall,4,0.226923721122765,0.575681741033051,61
nemo_5,overall,5,0.224142818228598,0.562846674284038,61
nemo_5,overall,6,0.237723249794215,0.551023098506033,61
nemo_5,overall,7,0.228650057095798,0.547404436902249,61
nemo_5,overall,8,0.239158806736051,0.557740297025544,61
nemo_5,overall,9,0.237701486958723,0.569730560713365,61
nemo_5,overall,10,0.239691718752472,0.589925255338904,61
nemo_5,overall,11,0.242230491154368,0.578375981379094,61
nemo_5,overall,12,0.235025314779912,0.558412273698644,61
nemo_5,overall,13,0.241994421130975,0.546580717541843,61
nemo_5,overall,14,0.239665406403641,0.605433120294927,61
nemo_5,overall,15,0.228237980638594,0.552714343210628,61
nemo_5,overall,16,0.229464946284679,0.570783370213768,61
nemo_5,overall,17,0.233528792697272,0.579288272647245,61
nemo_5,overall,18,0.225462329828992,0.590183046340545,61
nemo_5,overall,19,0.231036485637067,0.588318012932007,61
nemo_5,overall,20,0.231186950190033,0.55737832336977,61
nemo_5,overall,21,0.232151377173868,0.570024343224558,61
nemo_5,overall,22,0.240920547484067,0.581362842990442,61
nemo_5,overall,23,0.228462070942516,0.575311807898353,61
nemo_5,overall,24,0.224452086000578,0.549713083834029,61
nemo_5,overall,25,0.240504056054913,0.555396665614641,61
nemo_5,overall,26,0.238783178420034,0.577161115882924,61
nemo_5,overall,27,0.228095556913499,0.553878938452345,61
nemo_5,overall,28,0.24474981064853,0.585691303906762,61
nemo_5,overall,29,0.231492166039242,0.566372831368661,61
nemo_5,overall,30,0.231060395326348,0.569102762994558,61
nemo_5,overall,31,0.235018273228484,0.55742459763604,61
nemo_5,overall,32,0.227358017759839,0.593154613195558,61
nemo_5,overall,33,0.234741857305974,0.568021976075684,61
nemo_5,overall,34,0.229293192452806,0.560681300298402,61
nemo_5,overall,35,0.24218381963976,0.594363800065208,61
nemo_5,overall,36,0.232395431187378,0.560897496257442,61
nemo_5,overall,37,0.231280121125668,0.556629846648232,61
nemo_5,overall,38,0.221030957997391,0.53812936435983,61
nemo_5,overall,39,0.230890324624762,0.565817974656449,61
nemo_5,overall,40,0.241757301650444,0.573454746466801,61
nemo_5,overall,41,0.226312459636747,0.5473990078701,61
nemo_5,overall,42,0.246551272009433,0.565192275654162,61
nemo_5,overall,43,0.225996646460817,0.563808123972345,61
nemo_5,overall,44,0.242506508465449,0.570878102145642,61
nemo_5,overall,45,0.230509837238486,0.556828070466839,61
nemo_5,overall,46,0.243672582983205,0.599578733213639,61
nemo_5,overall,47,0.233154977604217,0.580908072488166,61
nemo_5,overall,48,0.233778074440952,0.551414019742711,61
nemo_5,overall,49,0.237617235486636,0.586961305923531,61
nemo_5,overall,50,0.238372179746797,0.560892838742364,61
nemo_5,loedu,1,0.212353040034352,0.789146313530376,60
nemo_5,loedu,2,0.22269389500827,0.771041549921297,60
nemo_5,loedu,3,0.236729030140986,0.773372958128065,60
nemo_5,loedu,4,0.214849133532898,0.77498338323871,60
nemo_5,loedu,5,0.200855581736361,0.782168554496172,60
nemo_5,loedu,6,0.224821113636923,0.767647723228144,60
nemo_5,loedu,7,0.224775443930032,0.771831890363364,60
nemo_5,loedu,8,0.234108440634717,0.762879032870914,60
nemo_5,loedu,9,0.207567090785639,0.769230992679192,60
nemo_5,loedu,10,0.210871726914892,0.78422785814186,60
nemo_5,loedu,11,0.232183151658895,0.788093899313869,60
nemo_5,loedu,12,0.218972910909367,0.763954901294989,60
nemo_5,loedu,13,0.235129383668136,0.777752118329499,60
nemo_5,loedu,14,0.224717026872153,0.793341628190509,60
nemo_5,loedu,15,0.214983730046452,0.784652472395706,60
nemo_5,loedu,16,0.218156921015216,0.771236712116096,60
nemo_5,loedu,17,0.223539596295843,0.785254456466495,60
nemo_5,loedu,18,0.223370769188549,0.786128346849245,60
nemo_5,loedu,19,0.225075428860091,0.779811480325162,60
nemo_5,loedu,20,0.233485109693618,0.769870169934601,60
nemo_5,loedu,21,0.216453747818571,0.781067859194539,60
nemo_5,loedu,22,0.209642886258164,0.766507440527922,60
nemo_5,loedu,23,0.223267302121121,0.783445749568305,60
nemo_5,loedu,24,0.207336009238873,0.78837519842626,60
nemo_5,loedu,25,0.213437490419539,0.764694002129575,60
nemo_5,loedu,26,0.218015743496,0.777775789957655,60
nemo_5,loedu,27,0.214648178512241,0.754583331829039,60
nemo_5,loedu,28,0.238024090990992,0.770385638602262,60
nemo_5,loedu,29,0.229787265722927,0.75931844849851,60
nemo_5,loedu,30,0.231065854772052,0.755684749937447,60
nemo_5,loedu,31,0.225664482351356,0.766086493382647,60
nemo_5,loedu,32,0.219004727522157,0.787780351082019,60
nemo_5,loedu,33,0.223449765661405,0.76243616573467,60
nemo_5,loedu,34,0.210991533582952,0.783793929891067,60
nemo_5,loedu,35,0.229332111989118,0.770035549416187,60
nemo_5,loedu,36,0.210680856300364,0.758557135267642,60
nemo_5,loedu,37,0.212639667344088,0.781174937837726,60
nemo_5,loedu,38,0.220069826865139,0.776444549887757,60
nemo_5,loedu,39,0.226121624614342,0.782732700967696,60
nemo_5,loedu,40,0.232095600968822,0.77760992281618,60
nemo_5,loedu,41,0.208394633927449,0.761026005489281,60
nemo_5,loedu,42,0.225865180334396,0.753871739972762,60
nemo_5,loedu,43,0.212848799966306,0.783561792896662,60
nemo_5,loedu,44,0.224176735273312,0.794182564012805,60
nemo_5,loedu,45,0.217970342777602,0.790376715481229,60
nemo_5,loedu,46,0.230741720263906,0.782707284694363,60
nemo_5,loedu,47,0.208761867916018,0.788120551663078,60
nemo_5,loedu,48,0.21713514767583,0.774238446599518,60
nemo_5,loedu,49,0.225462134230827,0.769420605464405,60
nemo_5,loedu,50,0.225948585775329,0.764414647891193,60
nemo_5,hiedu,1,0.249204242954216,0.705316724289298,60
nemo_5,hiedu,2,0.255830185202378,0.729431169144254,60
nemo_5,hiedu,3,0.246166989261836,0.700254130665398,60
nemo_5,hiedu,4,0.233353733354387,0.718001149943883,60
nemo_5,hiedu,5,0.238220792258478,0.711523959672446,60
nemo_5,hiedu,6,0.243656463600925,0.718132907195477,60
nemo_5,hiedu,7,0.231120246011089,0.710875888332909,60
nemo_5,hiedu,8,0.244268131048385,0.697370503530626,60
nemo_5,hiedu,9,0.257427850544464,0.736526745704629,60
nemo_5,hiedu,10,0.257004580135923,0.70812210973936,60
nemo_5,hiedu,11,0.248016889754389,0.729321684822837,60
nemo_5,hiedu,12,0.247939563574897,0.700147084413197,60
nemo_5,hiedu,13,0.249828943464999,0.71481141648701,60
nemo_5,hiedu,14,0.250387535249225,0.726318890224767,60
nemo_5,hiedu,15,0.236237933489783,0.674768541315906,60
nemo_5,hiedu,16,0.238485531912512,0.713892232956598,60
nemo_5,hiedu,17,0.241532624740227,0.691691040320535,60
nemo_5,hiedu,18,0.226217869908582,0.739790190567539,60
nemo_5,hiedu,19,0.239034291763345,0.729667224870503,60
nemo_5,hiedu,20,0.228088205055529,0.714085281519145,60
nemo_5,hiedu,21,0.242727575214358,0.715803301451163,60
nemo_5,hiedu,22,0.257773406854615,0.726418628292828,60
nemo_5,hiedu,23,0.233884001039555,0.710641356627402,60
nemo_5,hiedu,24,0.237292718938647,0.694314621571842,60
nemo_5,hiedu,25,0.257051338853181,0.713114183546115,60
nemo_5,hiedu,26,0.250864665329221,0.721195930053417,60
nemo_5,hiedu,27,0.239627487478345,0.708585035601753,60
nemo_5,hiedu,28,0.250735024638448,0.710988129997409,60
nemo_5,hiedu,29,0.235076040878398,0.693992715765489,60
nemo_5,hiedu,30,0.232316133988587,0.71662598653142,60
nemo_5,hiedu,31,0.241512692641642,0.716903464998409,60
nemo_5,hiedu,32,0.236082826995282,0.724712055724854,60
nemo_5,hiedu,33,0.241653642127738,0.727329075980082,60
nemo_5,hiedu,34,0.240718820686749,0.727452676494087,60
nemo_5,hiedu,35,0.252125947429095,0.727173162868355,60
nemo_5,hiedu,36,0.245947833398532,0.721315050657333,60
nemo_5,hiedu,37,0.242451857709427,0.694503032048007,60
nemo_5,hiedu,38,0.223734582704212,0.709277445381779,60
nemo_5,hiedu,39,0.233486433459102,0.680538412843408,60
nemo_5,hiedu,40,0.250808203674201,0.721474338670319,60
nemo_5,hiedu,41,0.238401207713735,0.708131425196101,60
nemo_5,hiedu,42,0.261362723864447,0.719215331112674,60
nemo_5,hiedu,43,0.236473815832457,0.686254182839821,60
nemo_5,hiedu,44,0.253479992291595,0.712241021556377,60
nemo_5,hiedu,45,0.242257299693367,0.700628459105335,60
nemo_5,hiedu,46,0.253129961130137,0.721518548448631,60
nemo_5,hiedu,47,0.249264865557296,0.719824000307401,60
nemo_5,hiedu,48,0.248568713292794,0.704638021253323,60
nemo_5,hiedu,49,0.245091544411639,0.733193795387001,60
nemo_5,hiedu,50,0.245994997281251,0.713706034839481,60
Nemo_v3,overall,1,0.233037599611727,0.862127093196671,61
Nemo_v3,overall,2,0.232539142419264,0.860518866417317,61
Nemo_v3,overall,3,0.222223167417009,0.880218130096856,61
Nemo_v3,overall,4,0.214369967642413,0.874730530669917,61
Nemo_v3,overall,5,0.221066156534577,0.866696245913147,61
Nemo_v3,overall,6,0.209914163747732,0.885344470424325,61
Nemo_v3,overall,7,0.208634956833472,0.859126813414265,61
Nemo_v3,overall,8,0.226667023226487,0.870251461757588,61
Nemo_v3,overall,9,0.219559786527962,0.873520050271745,61
Nemo_v3,overall,10,0.226968770205747,0.856601399043181,61
Nemo_v3,overall,11,0.22511476452306,0.858543198358188,61
Nemo_v3,overall,12,0.241975381474443,0.859019671594514,61
Nemo_v3,overall,13,0.234953597415595,0.862545509099359,61
Nemo_v3,overall,14,0.224476058138953,0.881061659594988,61
Nemo_v3,overall,15,0.231946900229991,0.871459770332001,60
Nemo_v3,overall,16,0.209477586356804,0.863067439647897,61
Nemo_v3,overall,17,0.235507585854769,0.858423190303899,61
Nemo_v3,overall,18,0.252792848267223,0.884921536940075,61
Nemo_v3,overall,19,0.231426130339466,0.859502152387047,61
Nemo_v3,overall,20,0.219454137482888,0.864469181467329,61
Nemo_v3,overall,21,0.237324261046549,0.868693508174352,61
Nemo_v3,overall,22,0.213305695464756,0.873474488237656,61
Nemo_v3,overall,23,0.239499754183077,0.85580865634377,61
Nemo_v3,overall,24,0.23177093249271,0.856177155132231,61
Nemo_v3,overall,25,0.235931761217939,0.862850409678369,61
Nemo_v3,overall,26,0.224324808337425,0.885340909163644,61
Nemo_v3,overall,27,0.231353961128662,0.875246949478841,61
Nemo_v3,overall,28,0.211054699699494,0.856312093838473,61
Nemo_v3,overall,29,0.226982516372032,0.863543611033434,61
Nemo_v3,overall,30,0.243340466803453,0.854141028610649,61
Nemo_v3,overall,31,0.227542389138535,0.871098246668699,61
Nemo_v3,overall,32,0.231483606495231,0.854692952920764,61
Nemo_v3,overall,33,0.241135968723796,0.869624685568679,61
Nemo_v3,overall,34,0.221385833919036,0.866263927667888,61
Nemo_v3,overall,35,0.235302416150462,0.856152742676802,61
Nemo_v3,overall,36,0.216414113823133,0.878159464214434,61
Nemo_v3,overall,37,0.224377825736012,0.870912258760537,61
Nemo_v3,overall,38,0.23367648948962,0.862289159016608,61
Nemo_v3,overall,39,0.224968052045967,0.869349271451677,61
Nemo_v3,overall,40,0.231269090712575,0.861763279026654,61
Nemo_v3,overall,41,0.226207610991216,0.866698318255802,61
Nemo_v3,overall,42,0.229482889346377,0.870082537982627,61
Nemo_v3,overall,43,0.216582713603673,0.866049493993307,61
Nemo_v3,overall,44,0.24009941284556,0.869665752120516,61
Nemo_v3,overall,45,0.235217201283995,0.869127483249696,60
Nemo_v3,overall,46,0.223822728880954,0.871670410694138,61
Nemo_v3,overall,47,0.240585801856971,0.857679111719569,61
Nemo_v3,overall,48,0.240497627650481,0.880410990683962,61
Nemo_v3,overall,49,0.197662826663167,0.873185980711645,61
Nemo_v3,overall,50,0.244284653567646,0.866050026626947,61
Nemo_v3,loedu,1,0.207586635738297,0.948750207907021,60
Nemo_v3,loedu,2,0.250777186898644,0.949809308458376,59
Nemo_v3,loedu,3,0.176918402808617,0.956661750594891,60
Nemo_v3,loedu,4,0.221947043080876,0.95769846557044,59
Nemo_v3,loedu,5,0.202169380559649,0.953262416867068,60
Nemo_v3,loedu,6,0.173685483458928,0.96131277269128,60
Nemo_v3,loedu,7,0.198153475552496,0.953919975233799,59
Nemo_v3,loedu,8,0.217397015459471,0.948852892980944,60
Nemo_v3,loedu,9,0.215958405643647,0.954310996193987,60
Nemo_v3,loedu,10,0.210387920379391,0.948047653089783,59
Nemo_v3,loedu,11,0.181792240489233,0.956651739596398,59
Nemo_v3,loedu,12,0.231540734055771,0.950337409737669,60
Nemo_v3,loedu,13,0.238391123315876,0.944821510986847,59
Nemo_v3,loedu,14,0.195766140909585,0.956745398891417,60
Nemo_v3,loedu,15,0.229625817195551,0.95081857562536,59
Nemo_v3,loedu,16,0.186024532205029,0.951814754332249,60
Nemo_v3,loedu,17,0.233193780270564,0.944482032644521,60
Nemo_v3,loedu,18,0.247323235317868,0.954491383769833,59
Nemo_v3,loedu,19,0.223510618566239,0.959278395758382,60
Nemo_v3,loedu,20,0.231937379436663,0.951124710751481,59
Nemo_v3,loedu,21,0.218977199003024,0.954332345179239,60
Nemo_v3,loedu,22,0.202379872627935,0.959191511012733,60
Nemo_v3,loedu,23,0.242409234186643,0.946709448964541,60
Nemo_v3,loedu,24,0.213178265433074,0.951442913958216,59
Nemo_v3,loedu,25,0.216412134755487,0.949682784046704,59
Nemo_v3,loedu,26,0.218456642754036,0.958505464618531,59
Nemo_v3,loedu,27,0.2123746128974,0.954220714743708,60
Nemo_v3,loedu,28,0.177741980409082,0.951455994204,60
Nemo_v3,loedu,29,0.225534903381538,0.956986860257759,60
Nemo_v3,loedu,30,0.220883293939632,0.953374253811575,60
Nemo_v3,loedu,31,0.204721529729548,0.952661797263188,60
Nemo_v3,loedu,32,0.221427828410774,0.948524315331855,60
Nemo_v3,loedu,33,0.22813224884911,0.960417141431667,60
Nemo_v3,loedu,34,0.197003498422193,0.953265930200663,60
Nemo_v3,loedu,35,0.200801963653733,0.952910018063569,60
Nemo_v3,loedu,36,0.196857119160077,0.953977722910113,60
Nemo_v3,loedu,37,0.20720297459991,0.952263175293858,60
Nemo_v3,loedu,38,0.187831761580808,0.958049082258833,60
Nemo_v3,loedu,39,0.213856449677776,0.954094135895605,59
Nemo_v3,loedu,40,0.220561156822194,0.950849062143822,60
Nemo_v3,loedu,41,0.229276443467065,0.947641740033683,59
Nemo_v3,loedu,42,0.207286297158161,0.945749299168993,60
Nemo_v3,loedu,43,0.203719338666609,0.959273379047637,60
Nemo_v3,loedu,44,0.219045612337926,0.953505711130228,60
Nemo_v3,loedu,45,0.223666395113484,0.958427306900611,59
Nemo_v3,loedu,46,0.224986438721224,0.956230966648917,60
Nemo_v3,loedu,47,0.23023830517722,0.955213653535733,60
Nemo_v3,loedu,48,0.210080120245478,0.960470906750907,59
Nemo_v3,loedu,49,0.192081184566344,0.960683169856295,60
Nemo_v3,loedu,50,0.227337419810584,0.950614237312321,60
Nemo_v3,hiedu,1,0.24650831650549,0.914548643597316,60
Nemo_v3,hiedu,2,0.221316520967676,0.908192375215247,60
Nemo_v3,hiedu,3,0.245935788592351,0.918374865148682,60
Nemo_v3,hiedu,4,0.214470386805212,0.913463191704171,60
Nemo_v3,hiedu,5,0.24044738839693,0.908201463406476,59
Nemo_v3,hiedu,6,0.225588662471485,0.924190896080799,60
Nemo_v3,hiedu,7,0.216757456358586,0.9036913894263,60
Nemo_v3,hiedu,8,0.22539266863296,0.91472249505617,60
Nemo_v3,hiedu,9,0.219711669955157,0.9136094648938,60
Nemo_v3,hiedu,10,0.236520039784593,0.911022725547429,60
Nemo_v3,hiedu,11,0.247230503056782,0.907921200496099,60
Nemo_v3,hiedu,12,0.239805606128381,0.90945109031688,60
Nemo_v3,hiedu,13,0.231463284514176,0.907754239315536,60
Nemo_v3,hiedu,14,0.229318273215173,0.921061892383456,60
Nemo_v3,hiedu,15,0.240776358543677,0.913063102998641,59
Nemo_v3,hiedu,16,0.222808094982706,0.918356172342233,60
Nemo_v3,hiedu,17,0.2335928432412,0.911403146544375,60
Nemo_v3,hiedu,18,0.261972830844379,0.918939654434939,60
Nemo_v3,hiedu,19,0.232007711804753,0.904334167301415,60
Nemo_v3,hiedu,20,0.219614740845182,0.908193252844367,60
Nemo_v3,hiedu,21,0.237049976700181,0.918000181899183,60
Nemo_v3,hiedu,22,0.213296656294334,0.906481574083202,60
Nemo_v3,hiedu,23,0.227593477818382,0.908754973449015,60
Nemo_v3,hiedu,24,0.247952900356677,0.911878949886885,60
Nemo_v3,hiedu,25,0.247805490955057,0.906661714417329,60
Nemo_v3,hiedu,26,0.230630523935377,0.915465776734597,60
Nemo_v3,hiedu,27,0.241065989176624,0.916227426701452,60
Nemo_v3,hiedu,28,0.221474330653313,0.914919769090923,60
Nemo_v3,hiedu,29,0.225917706156684,0.905268746287318,60
Nemo_v3,hiedu,30,0.247478567001784,0.903158108503185,60
Nemo_v3,hiedu,31,0.244135153420661,0.905509170687405,60
Nemo_v3,hiedu,32,0.233077963733291,0.908726169436793,60
Nemo_v3,hiedu,33,0.243846924490416,0.902976492109884,60
Nemo_v3,hiedu,34,0.227410947578418,0.917565654365778,60
Nemo_v3,hiedu,35,0.250547375298972,0.909167181928976,60
Nemo_v3,hiedu,36,0.225707046773159,0.918345121126403,60
Nemo_v3,hiedu,37,0.232334588838491,0.916876844416564,60
Nemo_v3,hiedu,38,0.255885350214117,0.901393468788609,60
Nemo_v3,hiedu,39,0.235341384783232,0.914426417910497,60
Nemo_v3,hiedu,40,0.23487872035469,0.919577576694086,60
Nemo_v3,hiedu,41,0.222165788534215,0.906964280127244,60
Nemo_v3,hiedu,42,0.237710350729797,0.928479466133323,60
Nemo_v3,hiedu,43,0.222947824249971,0.905858344110423,60
Nemo_v3,hiedu,44,0.250409009094816,0.914469801445817,60
Nemo_v3,hiedu,45,0.238756440295123,0.909506435872941,59
Nemo_v3,hiedu,46,0.225289982662715,0.907146729064833,60
Nemo_v3,hiedu,47,0.249214667329232,0.914267408980855,60
Nemo_v3,hiedu,48,0.257029297832152,0.91826391469056,60
Nemo_v3,hiedu,49,0.198469957994614,0.910522415691371,60
Nemo_v3,hiedu,50,0.243868215633952,0.913058227025049,60
